{"0": 0, "1": -0.5609980360000009, "2": 6.704130012800007, "3": 5.090089891999959, "4": 0, "5": 0, "6": 0, "7": -1.7041300127999932, "8": 0, "9": 0.7772102320000016, "10": -10.934986776000002, "11": 8.599794606400025, "12": -0.4031300128000055, "13": 0, "14": 0, "15": 0, "16": 0, "17": 0, "18": -5.287089892000026, "19": 0, "20": 0, "21": 0, "22": -5.21798292399999, "23": 46.79389961199999, "24": 0, "25": 0, "26": 2.8542465879999668, "27": 0, "28": 0, "29": 15.217399054399998, "30": -42.05832680719996, "31": -25.476999999999975, "32": 5.887089891999992, "33": 43.97572647359998, "34": 64.19641887599998, "35": 0, "36": 0, "37": 30.738999999999976, "38": 0.0, "39": -16.460000000000008, "40": 2.693000000000005, "41": 40, "42": -2.6929999999999907, "43": 0.0, "44": 0, "45": 0.0, "47": 0, "48": 0, "49": 0, "50": 0, "51": 0.0, "52": -5.24518418240001, "53": -10.8382689504, "54": 25.197999999999965, "55": 25.972999999999956, "56": -3.194089892000008, "60": 0, "61": -11.983986775999995, "63": 0, "64": 0}