{"0": 0.5760697759159396, "1": 0.6051794945550658, "2": 0.5348768202097274, "3": 0.5337766673993578, "4": 0.07050851194468302, "5": 0.22604602123286124, "6": 0.32425844781310237, "7": 1.8891931629203418e-06, "8": 0.03779331468789957, "9": 0.7899751652770763, "10": 0.34483245049146355, "11": 0.043954861777287135, "12": 0.31169472779644963, "13": 1.4101686523972282e-09, "14": 0.3293063580908817, "15": 0.21356583899889608, "16": 0.005752804060772395, "17": 0.7616570872467091, "18": 7.817972189262143e-07, "19": 6.625203515098585e-14, "20": 7.636520667345858e-11, "21": 0.13561011293636274, "22": 0.5573242960639366, "23": 1.99608748860949e-15, "24": 2.1803287124430943e-07, "25": 0.7197163113421289, "26": 0.09813081028144202, "27": 7.654427688921798e-10, "28": 4.5256692418633195e-05, "29": 1.0715720174616214e-06, "30": 4.364730330249111e-16, "31": 2.9850175139295643e-10, "32": 0.002886118884226161, "33": 2.857294225147388e-20, "34": 4.2944560798458985e-30, "35": 0.030452617335438865, "36": 1.0884248361902159e-14, "37": 5.454484719325545e-16, "38": 0.6110066404833964, "40": 0.036103456631334664, "41": 1.131493806688583e-22, "45": 1.2768754516520621e-09, "51": 3.4310490911191916e-31, "53": 2.4177111596611504e-06, "54": 8.072178800834739e-19, "55": 1.028292953050588e-19}