{"0": 30, "1": 15.789473684210527, "2": 10.714285714285715, "3": 8.108108108108107, "4": 6.521739130434783, "5": 5.454545454545454, "6": 4.6875, "7": 4.109589041095891, "8": 3.658536585365854, "9": 3.296703296703297, "10": 3.0, "11": 2.7522935779816513, "12": 2.542372881355932, "13": 2.3622047244094486, "14": 2.2058823529411766, "15": 2.0689655172413794, "16": 1.948051948051948, "17": 1.840490797546012, "18": 1.744186046511628, "19": 1.6574585635359114, "20": 1.5789473684210527, "21": 1.507537688442211, "22": 1.4423076923076923, "23": 1.3824884792626728, "24": 1.327433628318584, "25": 1.2765957446808511, "26": 1.2295081967213113, "27": 1.1857707509881423, "28": 1.1450381679389314, "29": 1.107011070110701, "30": 1.0714285714285714, "31": 1.0380622837370241, "32": 1.006711409395973, "33": 0.9771986970684039, "34": 0.9493670886075949, "35": 0.9230769230769231, "36": 0.8982035928143713, "37": 0.8746355685131194, "38": 0.8522727272727272, "39": 0.8310249307479224, "40": 0.8108108108108109, "41": 0.79155672823219, "42": 0.7731958762886597, "43": 0.7556675062972291, "44": 0.7389162561576355, "45": 0.7228915662650602, "46": 0.7075471698113208, "47": 0.6928406466512701, "48": 0.6787330316742081, "49": 0.6651884700665188, "50": 0.6521739130434783, "51": 0.6396588486140725, "52": 0.6276150627615062, "53": 0.6160164271047227, "54": 0.6048387096774194, "55": 0.594059405940594, "56": 0.5836575875486382, "57": 0.5736137667304014, "58": 0.5639097744360902, "59": 0.5545286506469501, "60": 0.5454545454545454, "61": 0.5366726296958855, "62": 0.528169014084507, "63": 0.5199306759098786, "64": 0.5119453924914675, "65": 0.5042016806722689}